SNP,count,Frequency
0,61115,0.788194175758983
1,12758,0.16453867780959
2,2768,0.0356986251902293
3,624,0.00804766695039851
4,168,0.00216667956356883
5,59,0.000760917227681911
6,27,0.000348216358430705
7,10,0.000128969021641002
8,8,0.000103175217312801
10,1,1.28969021641002e-05
