SNP,count,Frequency
0,37530,0.555958817865343
1,15837,0.234604844085623
2,7338,0.108703059032664
3,3340,0.0494778164580401
4,1683,0.0249314865565514
5,785,0.0116287682393897
6,423,0.00626620250351826
7,222,0.0032886452855344
8,112,0.00165913636026961
9,89,0.00131842085771424
10,66,0.000977705355158877
11,31,0.000459225242574624
12,29,0.00042959780756981
13,11,0.00016295089252648
14,5,7.40685875120361e-05
15,2,2.96274350048145e-05
16,1,1.48137175024072e-05
18,1,1.48137175024072e-05
