SNP,count,Frequency
0,66167,0.715729012298939
1,18867,0.204084502471686
2,5217,0.0564323342022997
3,1431,0.0154791393987907
4,416,0.00449987560440036
5,166,0.00179562343829437
6,80,0.000865360693153915
7,38,0.00041104632924811
8,34,0.000367778294590414
9,15,0.000162255129966359
10,7,7.57190606509676e-05
11,5,5.40850433221197e-05
12,2,2.16340173288479e-05
16,2,2.16340173288479e-05
