SNP,count,Frequency
0,43054,0.720400240947728
1,11956,0.200053543939495
2,3322,0.0555853021886085
3,927,0.0155110099725587
4,267,0.00446757245164313
5,106,0.00177364299578341
6,55,0.0009202864600763
7,36,0.000602369319322669
8,23,0.000384847065122816
9,7,0.000117127367646075
10,5,8.36624054614818e-05
11,1,1.67324810922964e-05
12,3,5.01974432768891e-05
13,1,1.67324810922964e-05
16,1,1.67324810922964e-05
