SNP,count,Frequency
0,46679,0.733588973927803
1,11939,0.18762867155946
2,3427,0.0538573965519951
3,967,0.0151969951753076
4,326,0.00512328896292688
5,137,0.00215303861325455
6,59,0.00092722100862787
7,34,0.000534330750734705
8,27,0.000424321478524618
9,13,0.000204302934104446
10,11,0.000172871713472993
11,6,9.42936618943597e-05
12,3,4.71468309471798e-05
13,1,1.57156103157266e-05
15,2,3.14312206314532e-05
