SNP,count,Frequency
0,25981,0.740494784244428
1,6512,0.185601094453628
2,1768,0.0503904691329875
3,486,0.0138516787322579
4,170,0.00484523741663341
5,86,0.00245112010488514
6,35,0.000997548879895115
7,20,0.000570027931368637
8,6,0.000171008379410591
9,7,0.000199509775979023
10,3,8.55041897052956e-05
11,2,5.70027931368637e-05
12,5,0.000142506982842159
13,1,2.85013965684319e-05
14,1,2.85013965684319e-05
16,1,2.85013965684319e-05
17,1,2.85013965684319e-05
20,1,2.85013965684319e-05
