SNP,count,Frequency
0,68838,0.738621000450653
1,17329,0.185937466469238
2,4760,0.0510740573832056
3,1358,0.0145711281357969
4,486,0.00521470417820125
5,197,0.00211377926564948
6,93,0.000997875490890362
7,49,0.000525762355415352
8,37,0.000397004227558531
9,24,0.000257516255713642
10,15,0.000160947659821026
11,7,7.51089079164789e-05
12,2,2.14596879761368e-05
13,2,2.14596879761368e-05
14,1,1.07298439880684e-05
