SNP,count,Frequency
0,85509,0.735137598115495
1,22061,0.189662732016816
2,5964,0.0512736745273692
3,1717,0.0147613848362664
4,545,0.00468547159916435
5,235,0.00202034096477729
6,121,0.00104026066697043
7,63,0.00054162332247221
8,37,0.000318096237007488
9,23,0.00019773549868033
10,14,0.000120360738327158
11,13,0.000111763542732361
12,8,6.87775647583758e-05
13,1,8.59719559479698e-06
14,1,8.59719559479698e-06
16,1,8.59719559479698e-06
17,3,2.57915867843909e-05
21,1,8.59719559479698e-06
