SNP,count,Frequency
0,41976,0.732463181405737
1,11027,0.192416416556153
2,2980,0.0519997208068681
3,829,0.0144656941439241
4,255,0.00444964053884274
5,103,0.00179730578627766
6,73,0.00127381866406086
7,29,0.000506037551476234
8,13,0.000226844419627277
9,9,0.000157046136665038
10,2,3.48991414811196e-05
11,3,5.23487122216793e-05
12,1,1.74495707405598e-05
13,2,3.48991414811196e-05
14,3,5.23487122216793e-05
17,1,1.74495707405598e-05
22,1,1.74495707405598e-05
124,1,1.74495707405598e-05
