SNP,count,Frequency
0,38187,0.739227225211971
1,9658,0.186960393356305
2,2612,0.0505633202988888
3,752,0.0145572805760966
4,229,0.00443300166479539
5,78,0.00150993069805258
6,66,0.00127763366758295
7,30,0.000580742576174068
8,21,0.000406519803321848
9,10,0.000193580858724689
10,3,5.80742576174068e-05
11,2,3.87161717449379e-05
12,3,5.80742576174068e-05
13,5,9.67904293623447e-05
15,2,3.87161717449379e-05
