SNP,count,Frequency
0,32685,0.734494382022472
1,8427,0.189370786516854
2,2350,0.0528089887640449
3,628,0.0141123595505618
4,189,0.00424719101123595
5,96,0.00215730337078652
6,64,0.00143820224719101
7,19,0.000426966292134831
8,16,0.000359550561797753
9,5,0.000112359550561798
10,4,8.98876404494382e-05
11,5,0.000112359550561798
12,5,0.000112359550561798
16,2,4.49438202247191e-05
17,1,2.24719101123596e-05
18,2,4.49438202247191e-05
19,1,2.24719101123596e-05
20,1,2.24719101123596e-05
