SNP,count,Frequency
0,70935,0.732474210836096
1,18650,0.192579742469771
2,4998,0.0516093057835879
3,1431,0.014776493912828
4,452,0.00466734818210919
5,149,0.0015385727414475
6,102,0.00105325113844057
7,48,0.000495647594560268
8,29,0.000299453755046828
9,27,0.000278801771940151
10,8,8.26079324267113e-05
11,5,5.16299577666945e-05
12,5,5.16299577666945e-05
13,2,2.06519831066778e-05
15,1,1.03259915533389e-05
16,1,1.03259915533389e-05
