SNP,count,Frequency
0,20455,0.74327761627907
1,5098,0.185247093023256
2,1341,0.0487281976744186
3,332,0.0120639534883721
4,150,0.00545058139534884
5,64,0.00232558139534884
6,46,0.00167151162790698
7,15,0.000545058139534884
8,10,0.000363372093023256
9,3,0.000109011627906977
10,3,0.000109011627906977
13,1,3.63372093023256e-05
18,2,7.26744186046512e-05
