SNP,count,Frequency
0,39235,0.615479944154235
1,15494,0.24305457511726
2,5651,0.0886473088929675
3,1994,0.0312799033680016
4,762,0.0119535036942915
5,287,0.00450217265126202
6,134,0.00210205970477042
7,85,0.00133339608138422
8,44,0.000690228559775362
9,33,0.000517671419831521
10,17,0.000266679216276844
11,8,0.000125496101777339
12,1,1.56870127221673e-05
13,1,1.56870127221673e-05
15,1,1.56870127221673e-05
