SNP,count,Frequency
0,48793,0.627127139992802
1,18593,0.23897228934245
2,6658,0.085574006477816
3,2258,0.0290216441314071
4,823,0.0105778623207033
5,340,0.00436995527222251
6,144,0.00185080458588247
7,76,0.000976813531437972
8,51,0.000655493290833376
9,31,0.000398437098349699
10,17,0.000218497763611125
11,11,0.000141380905866022
12,4,5.14112384967354e-05
13,3,3.85584288725515e-05
14,1,1.28528096241838e-05
16,1,1.28528096241838e-05
