SNP,count,Frequency
0,55054,0.783731458018962
1,11096,0.157959172052501
2,2755,0.0392193149787888
3,842,0.0119864476269111
4,268,0.00381516385274606
5,95,0.00135239017168237
6,55,0.000782962730974006
7,35,0.000498249010619822
8,16,0.000227770976283347
9,11,0.000156592546194801
10,5,7.1178430088546e-05
11,3,4.27070580531276e-05
12,1,1.42356860177092e-05
13,5,7.1178430088546e-05
14,2,2.84713720354184e-05
19,1,1.42356860177092e-05
20,1,1.42356860177092e-05
21,1,1.42356860177092e-05
