SNP,count,Frequency
0,18390,0.71777057882206
1,5105,0.199250614730104
2,1444,0.0563600171734124
3,358,0.0139729128449319
4,161,0.00628390773193864
5,81,0.00316146910737286
6,37,0.00144412786386168
7,18,0.000702548690527302
8,11,0.000429335310877796
9,6,0.000234182896842434
10,5,0.000195152414035362
12,3,0.000117091448421217
13,1,3.90304828070723e-05
14,1,3.90304828070723e-05
