SNP,count,Frequency
0,23564,0.712721553445043
1,6597,0.199534208456839
2,1931,0.058405420119775
3,571,0.017270582541891
4,182,0.00550480914645212
5,83,0.00251043494041498
6,61,0.0018450184501845
7,32,0.000967878531244329
8,10,0.000302462041013853
9,10,0.000302462041013853
10,6,0.000181477224608312
11,5,0.000151231020506926
12,3,9.07386123041558e-05
13,3,9.07386123041558e-05
14,1,3.02462041013853e-05
15,2,6.04924082027706e-05
16,1,3.02462041013853e-05
