SNP,count,Frequency
0,37142,0.71229671678429
1,10430,0.200023013194231
2,3071,0.0588945995704204
3,916,0.0175667382632709
4,310,0.00594507517643449
5,106,0.00203283215710341
6,73,0.00139996931574102
7,36,0.000690395826940779
8,26,0.000498619208346118
9,14,0.000268487266032525
10,5,9.58883092973305e-05
11,4,7.67106474378644e-05
12,5,9.58883092973305e-05
13,3,5.75329855783983e-05
15,1,1.91776618594661e-05
16,1,1.91776618594661e-05
17,1,1.91776618594661e-05
