SNP,count,Frequency
0,69889,0.714779549382779
1,19402,0.19843112388394
2,5654,0.0578254599752498
3,1725,0.0176421857901142
4,601,0.00614663980281661
5,229,0.00234206408460067
6,116,0.00118637307342217
7,65,0.000664778015279667
8,41,0.000419321517330252
9,21,0.000214774435705739
10,16,0.00016363766529961
11,10,0.000102273540812256
12,5,5.11367704061282e-05
15,3,3.06820622436769e-05
