SNP,count,Frequency
0,30775,0.721249619161452
1,8367,0.196090838782254
2,2395,0.0561297429046849
3,685,0.0160538095572898
4,222,0.00520284046966182
5,91,0.00213269586819471
6,54,0.00126555578991774
7,37,0.000867140078276969
8,15,0.00035154327497715
9,14,0.00032810705664534
10,4,9.37448733272399e-05
11,2,4.687243666362e-05
12,1,2.343621833181e-05
13,3,7.03086549954299e-05
16,1,2.343621833181e-05
23,1,2.343621833181e-05
84,1,2.343621833181e-05
98,1,2.343621833181e-05
