SNP,count,Frequency
0,85321,0.724373015468731
1,23037,0.19558351586776
2,6439,0.0546669383458136
3,1888,0.0160290696687212
4,562,0.00477136501791384
5,234,0.00198665376190719
6,124,0.00105275669434398
7,74,0.000628258027269794
8,41,0.000348088907000832
9,30,0.000254699200244511
10,20,0.000169799466829674
11,5,4.24498667074185e-05
12,6,5.09398400489022e-05
14,2,1.69799466829674e-05
16,1,8.48997334148371e-06
17,1,8.48997334148371e-06
18,1,8.48997334148371e-06
