SNP,count,Frequency
0,45448,0.722187792979613
1,12338,0.196055997838903
2,3468,0.0551079754016304
3,1032,0.0163989130952948
4,350,0.00556164688309418
5,134,0.00212931623524177
6,66,0.0010487676979549
7,36,0.000572055107975402
8,21,0.000333698812985651
9,13,0.000206575455657784
10,11,0.000174794616325817
11,8,0.000127123357327867
12,2,3.17808393319668e-05
13,3,4.76712589979501e-05
14,1,1.58904196659834e-05
