SNP,count,Frequency
0,24645,0.724362930958469
1,6627,0.194780001763513
2,1834,0.0539047115186785
3,547,0.0160773594333245
4,198,0.005819592628516
5,78,0.00229256679305176
6,43,0.00126385092437469
7,20,0.000587837639244041
8,7,0.000205743173735414
9,9,0.000264526937659818
10,3,8.81756458866061e-05
11,5,0.00014695940981101
12,1,2.9391881962202e-05
13,2,5.87837639244041e-05
15,2,5.87837639244041e-05
53,1,2.9391881962202e-05
108,1,2.9391881962202e-05
