SNP,count,Frequency
0,102718,0.741437429171569
1,26217,0.189239131219368
2,6841,0.0493795970809664
3,1811,0.0130721313132042
4,509,0.00367405568107176
5,202,0.00145807317794989
6,91,0.000656854748482377
7,56,0.000404218306758386
8,35,0.000252636441723991
9,13,9.38363926403395e-05
10,15,0.000108272760738853
11,15,0.000108272760738853
12,5,3.60909202462844e-05
13,1,7.21818404925689e-06
14,3,2.16545521477707e-05
15,1,7.21818404925689e-06
17,5,3.60909202462844e-05
19,1,7.21818404925689e-06
