SNP,count,Frequency
0,127420,0.739468293164184
1,32554,0.188923644762728
2,8765,0.0508667366942715
3,2328,0.0135102981202811
4,691,0.00401014433037554
5,251,0.0014566515585011
6,113,0.000655783370958662
7,64,0.000371417130454464
8,38,0.000220528921207338
9,40,0.00023213570653404
10,16,9.28542826136159e-05
11,6,3.4820355980106e-05
12,6,3.4820355980106e-05
13,10,5.803392663351e-05
14,4,2.3213570653404e-05
15,1,5.80339266335099e-06
16,5,2.9016963316755e-05
25,1,5.80339266335099e-06
