SNP,count,Frequency
0,124480,0.750308911726591
1,30792,0.185600192881468
2,7758,0.0467617009734487
3,1956,0.0117898797504596
4,559,0.00336939814954341
5,160,0.000964407341550888
6,86,0.000518368946083602
7,36,0.00021699165184895
8,21,0.000126578463578554
9,16,9.64407341550888e-05
10,16,9.64407341550888e-05
11,10,6.02754588469305e-05
12,8,4.82203670775444e-05
13,3,1.80826376540791e-05
15,2,1.20550917693861e-05
18,1,6.02754588469305e-06
30,1,6.02754588469305e-06
