SNP,count,Frequency
0,30715,0.650465904277848
1,10504,0.222448115205421
2,3707,0.0785048708174502
3,1361,0.0288225328250741
4,477,0.0101016518424396
5,189,0.00400254129606099
6,112,0.0023718763235917
7,68,0.00144006776789496
8,37,0.000783566285472258
9,21,0.000444726810673443
10,14,0.000296484540448962
11,9,0.000190597204574333
12,2,4.23549343498518e-05
13,3,6.35324015247776e-05
15,1,2.11774671749259e-05
