SNP,count,Frequency
0,22952,0.647100284755702
1,7837,0.220953508697736
2,2943,0.0829738645013956
3,952,0.0268403394513519
4,363,0.0102342890975218
5,174,0.00490569229467986
6,109,0.00307310609264428
7,46,0.00129690715836364
8,42,0.00118413262285376
9,20,0.000563872677549409
10,12,0.000338323606529646
11,6,0.000169161803264823
12,5,0.000140968169387352
13,5,0.000140968169387352
14,1,2.81936338774705e-05
15,1,2.81936338774705e-05
17,1,2.81936338774705e-05
