SNP,count,Frequency
0,50419,0.650248910211767
1,17439,0.224909076839743
2,6050,0.0780262580928061
3,2150,0.0277283396528154
4,814,0.0104980783615775
5,338,0.00435915293146586
6,146,0.00188294771595863
7,65,0.000838298640666512
8,47,0.000606154401712709
9,26,0.000335319456266605
10,21,0.000270834945446104
11,11,0.000141865923805102
12,4,5.15876086564007e-05
13,4,5.15876086564007e-05
14,1,1.28969021641002e-05
17,1,1.28969021641002e-05
20,1,1.28969021641002e-05
23,1,1.28969021641002e-05
