SNP,count,Frequency
0,38124,0.553797882076088
1,16951,0.246234075623538
2,7614,0.110602693162505
3,3273,0.047544341308232
4,1448,0.021033976845194
5,657,0.00954373120669369
6,322,0.00467744512717712
7,180,0.00261472087854622
8,98,0.00142357025609738
9,71,0.00103136212431545
10,44,0.000639153992533519
11,25,0.000363155677575863
12,16,0.000232419633648552
13,5,7.26311355151726e-05
14,7,0.000101683589721242
15,2,2.90524542060691e-05
17,3,4.35786813091036e-05
22,1,1.45262271030345e-05
