SNP,count,Frequency
0,61607,0.699928424544701
1,18304,0.207955100603279
2,5415,0.061520808007362
3,1655,0.0188027584953249
4,587,0.00666901464456538
5,204,0.00231768140969563
6,91,0.00103386768765835
7,60,0.000681671002851657
8,29,0.000329474318044968
9,32,0.00036355786818755
10,13,0.000147695383951192
11,11,0.00012497301718947
12,3,3.40835501425828e-05
14,4,4.54447335234438e-05
15,2,2.27223667617219e-05
17,1,1.1361183380861e-05
19,1,1.1361183380861e-05
