SNP,count,Frequency
0,70573,0.731796594703333
1,18542,0.192268607810199
2,5068,0.0525518986291711
3,1436,0.0148903959020303
4,447,0.00463510234554844
5,173,0.0017938986706485
6,88,0.000912503370040855
7,36,0.000373296833198532
8,32,0.000331819407287584
9,21,0.000217756486032477
10,8,8.29548518218959e-05
11,4,4.1477425910948e-05
12,3,3.1108069433211e-05
13,4,4.1477425910948e-05
14,1,1.0369356477737e-05
17,1,1.0369356477737e-05
19,1,1.0369356477737e-05
